,genres
0,british soul
1,pop
2,pop soul
3,uk pop
4,australian hip hop
5,lgbtq+ hip hop
6,pop
7,pop
8,uk pop
9,pop
10,uk pop
11,permanent wave
12,pop
13,latin
14,reggaeton
15,trap latino
16,dance pop
17,pop
18,afro r&b
19,afro r&b
20,lgbtq+ hip hop
21,pop
22,dance pop
23,pop
24,indie rock italiano
25,italian pop
26,alternative hip hop
27,lgbtq+ hip hop
28,pop
29,dance pop
30,pop
31,latin
32,latin hip hop
33,latin pop
34,pop reggaeton
35,reggaeton
36,trap latino
37,latin
38,reggaeton
39,trap latino
40,dance pop
41,pop
42,uk pop
43,belgian edm
44,edm
45,pop
46,pop dance
47,tropical house
48,puerto rican pop
49,trap latino
50,bachata
51,bachata dominicana
52,latin
53,latin hip hop
54,latin pop
55,trap latino
56,tropical
57,big room
58,brostep
59,dance pop
60,dutch edm
61,edm
62,house
63,pop
64,pop dance
65,slap house
66,trance
67,tropical house
68,modern alternative rock
69,modern rock
70,pop
71,latin
72,latin hip hop
73,reggaeton
74,reggaeton flow
75,trap latino
76,chicago indie
77,indie pop
78,dance pop
79,pop
80,pop dance
81,tropical house
82,uk dance
83,colombian pop
84,reggaeton colombiano
85,british soul
86,pop
87,pop soul
88,uk pop
89,british soul
90,pop
91,pop soul
92,uk pop
93,british soul
94,pop
95,pop soul
96,uk pop
97,trap argentino
98,trap argentino
99,trap triste
100,cumbia 420
101,rkt
102,argentine hip hop
103,trap argentino
104,trap latino
105,trap triste
106,pop argentino
107,trap argentino
108,cumbia 420
109,rkt
110,latin
111,latin pop
112,pop venezolano
113,reggaeton
114,trap latino
115,cumbia 420
116,rkt
117,argentine hip hop
118,bases de freestyle
119,trap argentino
120,trap latino
121,trap argentino
122,cumbia pop
123,argentine hip hop
124,pop venezolano
125,trap argentino
126,trap latino
127,concurso de talentos argentino
128,pop argentino
129,latin
130,latin hip hop
131,rap dominicano
132,reggaeton
133,trap latino
134,puerto rican pop
135,trap latino
136,latin pop
137,pop argentino
138,concurso de talentos argentino
139,latin
140,reggaeton
141,reggaeton colombiano
142,cumbia pop
143,latin pop
144,argentine hip hop
145,r&b argentino
146,trap argentino
147,trap latino
148,reggaeton
149,trap latino
150,argentine hip hop
151,pop venezolano
152,trap argentino
153,trap latino
154,latin
155,latin pop
156,pop venezolano
157,reggaeton
158,trap latino
159,cumbia pop
160,latin pop
161,argentine hip hop
162,trap argentino
163,trap latino
164,trap triste
165,latin pop
166,pop argentino
167,cumbia 420
168,rkt
169,cuarteto
170,cumbia pop
171,spanish pop
172,argentine hip hop
173,trap argentino
174,trap latino
175,trap triste
176,cumbia 420
177,rkt
178,trap argentino
179,trap latino
180,trap triste
181,modern indie pop
182,brooklyn drill
183,nyc rap
184,folk-pop
185,modern rock
186,pop
187,pop rock
188,alt z
189,gen z singer-songwriter
190,pop
191,modern rock
192,uk pop
193,album rock
194,classic rock
195,mellow gold
196,rock
197,soft rock
198,yacht rock
199,dance pop
200,hip hop
201,pittsburgh rap
202,pop rap
203,rap
204,southern hip hop
205,trap
206,dance pop
207,pop
208,drill brasileiro
209,german hip hop
210,german hip hop
211,german hip hop
212,german hip hop
213,german trap
214,german hip hop
215,german trap
216,dance pop
217,pop
218,pop rap
219,post-teen pop
220,german pop
221,aussietronica
222,volkspop
223,alt z
224,indie poptimism
225,modern rock
226,pop
227,indie rock italiano
228,italian pop
229,german hip hop
230,german trap
231,dance pop
232,pop
233,post-teen pop
234,francoton
235,french hip hop
236,pop urbaine
237,rap francais
238,french hip hop
239,pop urbaine
240,belgian dance
241,belgian edm
242,kleinkunst
243,belgian pop
244,dance pop
245,pop
246,uk pop
247,chill pop
248,pop
249,british soul
250,pop
251,pop soul
252,uk pop
253,latin
254,reggaeton
255,trap latino
256,cumbia boliviana
257,pop reggaeton
258,latin
259,reggaeton
260,trap latino
261,latin
262,panamanian pop
263,reggaeton
264,trap latino
265,latin
266,reggaeton
267,reggaeton colombiano
268,latin
269,reggaeton
270,trap latino
271,dance pop
272,latin
273,latin pop
274,mexican pop
275,pop
276,reggaeton
277,argentine hip hop
278,pop venezolano
279,trap argentino
280,trap latino
281,latin
282,reggaeton
283,trap latino
284,latin
285,reggaeton
286,trap latino
287,latin
288,latin hip hop
289,reggaeton
290,trap latino
291,puerto rican pop
292,trap latino
293,latin
294,reggaeton
295,trap latino
296,forro
297,sertanejo pop
298,sertanejo pop
299,funk carioca
300,funk mandelao
301,funk viral
302,funk bh
303,funk carioca
304,funk viral
305,rap mineiro
306,funk carioca
307,sertanejo
308,sertanejo universitario
309,funk carioca
310,pop
311,pop lgbtq+ brasileira
312,sertanejo
313,sertanejo universitario
314,r&b brasileiro
315,rap cearense
316,trap brasileiro
317,funk carioca
318,nova mpb
319,pop lgbtq+ brasileira
320,sertanejo
321,sertanejo universitario
322,sertanejo
323,sertanejo universitario
324,sertanejo pop
325,sertanejo
326,sertanejo
327,sertanejo pop
328,sertanejo universitario
329,rap mineiro
330,sertanejo pop
331,sertanejo universitario
332,batidao romantico
333,funk carioca
334,sertanejo pop
335,forro
336,sertanejo pop
337,sertanejo pop
338,sertanejo
339,sertanejo
340,sertanejo universitario
341,funk bh
342,funk carioca
343,trap baiano
344,sertanejo
345,sertanejo universitario
346,sertanejo
347,sertanejo universitario
348,forro
349,piseiro
350,funk carioca
351,funk ostentacao
352,funk paulista
353,piseiro
354,bulgarian pop
355,chalga
356,bulgarian pop
357,glitchcore
358,bulgarian pop
359,bulgarian pop
360,bulgarian hip hop
361,bulgarian pop
362,chalga
363,bulgarian pop
364,bulgarian pop
365,bulgarian pop
366,chalga
367,bulgarian hip hop
368,bulgarian pop
369,chalga
370,dance pop
371,pop
372,bulgarian pop
373,chalga
374,bulgarian pop
375,bulgarian pop
376,chalga
377,bulgarian pop
378,chalga
379,indie rock italiano
380,italian pop
381,indie rock italiano
382,italian pop
383,bulgarian pop
384,chalga
385,bulgarian pop
386,canadian hip hop
387,dark trap
388,vapor trap
389,brooklyn drill
390,melodic rap
391,nyc rap
392,atl hip hop
393,atl trap
394,gangster rap
395,hip hop
396,melodic rap
397,rap
398,trap
399,hip hop
400,rap
401,contemporary country
402,country
403,country road
404,modern country rock
405,trap chileno
406,trap latino
407,trap triste
408,trap chileno
409,trap latino
410,trap latino
411,mambo chileno
412,reggaeton chileno
413,reggaeton flow
414,trap latino
415,reggaeton chileno
416,latin
417,latin hip hop
418,perreo
419,reggaeton
420,reggaeton flow
421,trap latino
422,rap chileno
423,reggaeton flow
424,trap latino
425,latin
426,reggaeton
427,trap latino
428,reggaeton
429,trap latino
430,mambo chileno
431,reggaeton flow
432,trap latino
433,latin
434,latin hip hop
435,reggaeton
436,trap latino
437,reggaeton
438,trap latino
439,trap colombiano
440,trap colombiano
441,reggaeton
442,trap latino
443,latin
444,latin hip hop
445,latin pop
446,reggaeton
447,reggaeton colombiano
448,trap latino
449,trap colombiano
450,reggaeton
451,trap latino
452,reggaeton
453,trap latino
454,reggaeton
455,trap latino
456,reggaeton
457,trap latino
458,latin
459,latin hip hop
460,latin pop
461,reggaeton
462,reggaeton colombiano
463,trap latino
464,musica costarricense
465,pop costarricense
466,permanent wave
467,pop
468,permanent wave
469,pop
470,latin
471,reggaeton
472,trap latino
473,dance pop
474,edm
475,electropop
476,pop
477,pop dance
478,tropical house
479,latin
480,reggaeton
481,trap latino
482,permanent wave
483,pop
484,czsk hip hop
485,romanian pop
486,czsk hip hop
487,czech metal
488,czech rock
489,czech hip hop
490,czsk hip hop
491,czsk hip hop
492,czsk hip hop
493,big room
494,brostep
495,dance pop
496,dutch edm
497,edm
498,house
499,pop
500,pop dance
501,slap house
502,trance
503,tropical house
504,cali rap
505,pop rap
506,czech hip hop
507,czsk hip hop
508,czech folk
509,czech pop rock
510,czech punk
511,czech rock
512,czech hip hop
513,czsk hip hop
514,danish pop
515,danish hip hop
516,danish pop
517,swedish hip hop
518,swedish trap pop
519,danish hip hop
520,danish pop
521,danish hip hop
522,danish pop
523,danish hip hop
524,danish pop
525,danish pop
526,danish hip hop
527,danish pop
528,danish hip hop
529,danish pop
530,danish hip hop
531,danish pop
532,danish hip hop
533,danish pop
534,danish hip hop
535,danish pop
536,danish hip hop
537,danish pop
538,danish pop
539,danish hip hop
540,danish pop
541,dembow
542,latin
543,rap dominicano
544,reggaeton
545,trap latino
546,dembow
547,latin
548,rap dominicano
549,reggaeton
550,trap latino
551,reggaeton
552,trap boricua
553,trap latino
554,trap triste
555,dembow
556,dominican pop
557,rap dominicano
558,trap latino
559,dominican pop
560,rap latina
561,trap dominicano
562,reggaeton
563,trap latino
564,puerto rican pop
565,trap latino
566,reggaeton
567,trap boricua
568,trap latino
569,trap triste
570,trap latino
571,dembow
572,latin
573,rap dominicano
574,reggaeton
575,trap latino
576,dembow
577,latin
578,rap dominicano
579,reggaeton
580,trap latino
581,puerto rican pop
582,trap latino
583,ecuadorian pop
584,latin
585,reggaeton
586,trap latino
587,egyptian hip hop
588,egyptian hip hop
589,egyptian pop
590,egyptian hip hop
591,egyptian hip hop
592,mahraganat
593,egyptian hip hop
594,egyptian hip hop
595,arab pop
596,egyptian pop
597,shaabi
598,egyptian alternative
599,egyptian hip hop
600,egyptian hip hop
601,egyptian hip hop
602,egyptian pop
603,egyptian hip hop
604,egyptian hip hop
605,arab alternative
606,egyptian alternative
607,egyptian hip hop
608,egyptian pop
609,egyptian pop
610,egyptian hip hop
611,egyptian hip hop
612,egyptian hip hop
613,egyptian hip hop
614,egyptian hip hop
615,egyptian hip hop
616,egyptian hip hop
617,mahraganat
618,egyptian hip hop
619,egyptian hip hop
620,egyptian hip hop
621,mahraganat
622,egyptian hip hop
623,egyptian hip hop
624,mahraganat
625,egyptian hip hop
626,egyptian pop
627,mahraganat
628,egyptian hip hop
629,latin
630,reggaeton
631,trap latino
632,latin
633,reggaeton
634,trap latino
635,latin
636,reggaeton
637,trap latino
638,latin
639,reggaeton
640,trap latino
641,reggaeton
642,reggaeton flow
643,trap latino
644,russian hip hop
645,russian trap
646,russian hip hop
647,russian trap
648,russian hip hop
649,russian trap
650,russian hip hop
651,russian trap
652,estonian hip hop
653,estonian pop
654,drift phonk
655,russian hip hop
656,russian trap
657,gaming edm
658,russian hip hop
659,russian trap
660,russian hip hop
661,russian trap
662,finnish dance pop
663,finnish hip hop
664,finnish trap
665,finnish dance pop
666,finnish hip hop
667,finnish dance pop
668,finnish hip hop
669,finnish pop
670,suomi rock
671,finnish dance pop
672,finnish hip hop
673,finnish dance pop
674,finnish pop
675,iskelma
676,suomi rock
677,finnish dance pop
678,finnish hip hop
679,finnish pop
680,iskelma
681,suomi rock
682,finnish dance pop
683,finnish hip hop
684,finnish pop
685,suomi rock
686,finnish dance pop
687,finnish hip hop
688,finnish pop
689,finnish dance pop
690,finnish pop
691,iskelma
692,suomi rock
693,finnish dance pop
694,finnish pop
695,iskelma
696,suomi rock
697,finnish dance pop
698,finnish hip hop
699,finnish pop
700,finnish dance pop
701,finnish pop
702,iskelma
703,suomi rock
704,finnish dance pop
705,finnish hip hop
706,finnish pop
707,suomi rock
708,finnish dance pop
709,finnish pop
710,finnish dance pop
711,finnish hip hop
712,finnish pop
713,iskelma
714,suomi rock
715,finnish dance pop
716,finnish hip hop
717,finnish pop
718,finnish hip hop
719,finnish dance pop
720,finnish hip hop
721,finnish pop
722,iskelma
723,suomi rock
724,finnish dance pop
725,finnish pop
726,iskelma
727,suomi rock
728,swedish hip hop
729,swedish trap pop
730,finnish dance pop
731,finnish hip hop
732,finnish pop
733,finnish reggae
734,iskelma
735,suomi rock
736,finnish dance pop
737,finnish pop
738,iskelma
739,suomi rock
740,finnish dance pop
741,finnish pop
742,iskelma
743,suomi rock
744,finnish dance pop
745,finnish pop
746,iskelma
747,suomi rock
748,francoton
749,french hip hop
750,pop urbaine
751,rap marseille
752,francoton
753,french hip hop
754,pop urbaine
755,rap francais
756,french hip hop
757,pop urbaine
758,rap conscient
759,rap francais
760,francoton
761,french hip hop
762,pop urbaine
763,rap francais
764,rap marseille
765,french hip hop
766,pop urbaine
767,rap francais
768,french hip hop
769,pop urbaine
770,rap conscient
771,rap francais
772,francoton
773,french hip hop
774,pop urbaine
775,rap antillais
776,rap francais
777,trap antillais
778,francoton
779,rap marseille
780,francoton
781,french hip hop
782,pop urbaine
783,french hip hop
784,pop urbaine
785,rap francais
786,rap lyonnais
787,french hip hop
788,pop urbaine
789,drill francais
790,francoton
791,french hip hop
792,pop urbaine
793,rap marseille
794,french hip hop
795,pop urbaine
796,progressive house
797,french hip hop
798,pop urbaine
799,rap francais
800,australian dance
801,australian pop
802,pop
803,german hip hop
804,german pop
805,partyschlager
806,schlager
807,german hip hop
808,german trap
809,german hip hop
810,german trap
811,german cloud rap
812,german hip hop
813,greek drill
814,greek hip hop
815,greek drill
816,greek trap
817,greek hip hop
818,greek trap
819,greek hip hop
820,greek trap
821,greek hip hop
822,greek trap
823,greek pop
824,laiko
825,greek pop
826,dutch house
827,greek drill
828,albanian pop
829,greek hip hop
830,greek pop
831,greek trap
832,greek trap
833,greek drill
834,greek trap
835,greek hip hop
836,greek pop
837,greek trap
838,greek drill
839,greek pop
840,greek trap
841,greek hip hop
842,greek trap
843,greek drill
844,greek hip hop
845,greek trap
846,greek hip hop
847,greek trap
848,greek hip hop
849,greek trap
850,greek drill
851,greek trap
852,greek hip hop
853,greek trap
854,greek drill
855,greek drill
856,greek drill
857,greek drill
858,greek drill
859,greek hip hop
860,greek trap
861,corridos tumbados
862,nuevo regional mexicano
863,sierreno
864,norteno
865,nuevo regional mexicano
866,regional mexican
867,sierreno
868,mariachi
869,nuevo regional mexicano
870,ranchera
871,regional mexican
872,norteno
873,nuevo regional mexicano
874,regional mexican
875,sierreno
876,latin
877,latin arena pop
878,latin pop
879,mexican pop
880,cantopop
881,cantopop
882,cantopop
883,hong kong hip hop
884,malaysian mandopop
885,mandopop
886,cantopop
887,cantopop
888,cantopop
889,cantopop
890,cantopop
891,cantopop
892,cantopop
893,hong kong hip hop
894,cantopop
895,cantopop
896,cantopop
897,cantopop
898,cantopop
899,cantopop
900,cantopop
901,cantopop
902,cantopop
903,cantopop
904,cantopop
905,chinese indie
906,hong kong indie
907,cantopop
908,c-pop
909,cantopop
910,cantopop
911,cantopop
912,cantopop
913,cantopop
914,cantopop
915,cantopop
916,c-pop
917,cantopop
918,cantopop
919,cantopop
920,cantopop
921,hungarian pop
922,hungarian pop
923,hungarian pop
924,hungarian pop
925,hungarian pop
926,hungarian hip hop
927,hungarian edm
928,hungarian hip hop
929,hungarian pop
930,magyar trap
931,hungarian pop
932,hungarian hip hop
933,hungarian pop
934,magyar trap
935,hungarian hip hop
936,magyar trap
937,hungarian pop
938,hungarian pop
939,hungarian pop
940,hungarian edm
941,hungarian hip hop
942,hungarian pop
943,magyar trap
944,hungarian pop
945,icelandic hip hop
946,icelandic pop
947,icelandic hip hop
948,icelandic pop
949,icelandic hip hop
950,icelandic pop
951,icelandic hip hop
952,icelandic pop
953,icelandic hip hop
954,icelandic pop
955,icelandic hip hop
956,icelandic pop
957,icelandic hip hop
958,icelandic pop
959,icelandic hip hop
960,icelandic pop
961,icelandic hip hop
962,icelandic pop
963,icelandic pop
964,icelandic singer-songwriter
965,icelandic hip hop
966,icelandic pop
967,classic icelandic pop
968,icelandic folk
969,icelandic pop
970,icelandic singer-songwriter
971,icelandic hip hop
972,icelandic indie
973,icelandic pop
974,icelandic hip hop
975,icelandic pop
976,icelandic hip hop
977,icelandic pop
978,icelandic pop
979,classic icelandic pop
980,icelandic folk
981,icelandic pop
982,icelandic singer-songwriter
983,classic icelandic pop
984,icelandic folk
985,icelandic pop
986,icelandic singer-songwriter
987,classic icelandic pop
988,icelandic folk
989,icelandic pop
990,icelandic singer-songwriter
991,icelandic hip hop
992,icelandic pop
993,classic icelandic pop
994,icelandic pop
995,icelandic rock
996,icelandic singer-songwriter
997,icelandic pop
998,icelandic singer-songwriter
999,desi pop
1000,modern bollywood
1001,desi pop
1002,punjabi pop
1003,desi pop
1004,modern bollywood
1005,desi hip hop
1006,desi pop
1007,hindi hip hop
1008,desi pop
1009,modern bollywood
1010,classic bollywood
1011,desi pop
1012,filmi
1013,modern bollywood
1014,sufi
1015,desi pop
1016,modern bollywood
1017,desi pop
1018,modern bollywood
1019,desi pop
1020,filmi
1021,modern bollywood
1022,desi pop
1023,punjabi pop
1024,desi pop
1025,filmi
1026,indian instrumental
1027,modern bollywood
1028,desi pop
1029,filmi
1030,modern bollywood
1031,punjabi pop
1032,desi pop
1033,filmi
1034,modern bollywood
1035,desi pop
1036,filmi
1037,modern bollywood
1038,filmi
1039,tollywood
1040,desi pop
1041,filmi
1042,modern bollywood
1043,desi pop
1044,filmi
1045,modern bollywood
1046,desi pop
1047,punjabi pop
1048,desi pop
1049,modern bollywood
1050,desi pop
1051,filmi
1052,modern bollywood
1053,desi pop
1054,alt z
1055,dream smp
1056,electropop
1057,pop
1058,desi pop
1059,modern bollywood
1060,desi pop
1061,filmi
1062,indian instrumental
1063,modern bollywood
1064,k-pop
1065,k-pop boy group
1066,filmi
1067,australian dance
1068,australian pop
1069,pop
1070,k-pop
1071,k-pop boy group
1072,desi pop
1073,indonesian pop
1074,k-pop
1075,pop soul
1076,singaporean pop
1077,singaporean singer-songwriter
1078,indonesian pop
1079,indonesian singer-songwriter
1080,alt z
1081,dance pop
1082,electropop
1083,pop
1084,post-teen pop
1085,indonesian pop
1086,alt z
1087,canadian contemporary r&b
1088,canadian pop
1089,pop
1090,post-teen pop
1091,chill r&b
1092,nyc pop
1093,pop
1094,indonesian lo-fi pop
1095,indonesian pop
1096,indonesian singer-songwriter
1097,indonesian pop punk
1098,indonesian rock
1099,indonesian pop
1100,dance pop
1101,pop
1102,viral pop
1103,indonesian pop
1104,indonesian pop
1105,indonesian pop
1106,indonesian pop
1107,indonesian idol pop
1108,indonesian pop
1109,indonesian city pop
1110,indonesian indie
1111,indonesian pop
1112,neo mellow
1113,pop rock
1114,singer-songwriter
1115,k-pop
1116,k-pop girl group
1117,k-pop
1118,k-pop boy group
1119,indonesian jazz
1120,indonesian pop
1121,indonesian singer-songwriter
1122,indonesian pop
1123,dangdut
1124,javanese dangdut
1125,lagu jawa
1126,bedroom soul
1127,chill r&b
1128,pop
1129,k-pop girl group
1130,house
1131,scottish techno
1132,aussietronica
1133,alt z
1134,dance pop
1135,gen z singer-songwriter
1136,pop
1137,uk pop
1138,dance pop
1139,edm
1140,electro house
1141,pop
1142,pop dance
1143,tropical house
1144,dance pop
1145,pop
1146,pop dance
1147,post-teen pop
1148,tropical house
1149,uk pop
1150,british soul
1151,pop
1152,pop soul
1153,uk pop
1154,australian pop
1155,pop
1156,british soul
1157,pop
1158,pop soul
1159,uk pop
1160,british soul
1161,pop
1162,pop soul
1163,uk pop
1164,israeli pop
1165,jewish pop
1166,israeli mediterranean
1167,israeli pop
1168,mizrahi
1169,israeli mediterranean
1170,israeli pop
1171,mizrahi
1172,israeli pop
1173,israeli hip hop
1174,israeli trap
1175,israeli mediterranean
1176,mizrahi
1177,israeli mediterranean
1178,israeli mediterranean
1179,israeli mediterranean
1180,israeli mediterranean
1181,israeli pop
1182,mizrahi
1183,israeli pop
1184,festigal
1185,israeli pop
1186,israeli hip hop
1187,israeli trap
1188,israeli mediterranean
1189,israeli pop
1190,israeli mediterranean
1191,israeli pop
1192,israeli pop
1193,israeli mediterranean
1194,israeli pop
1195,israeli pop
1196,israeli pop
1197,israeli pop
1198,israeli hip hop
1199,israeli trap
1200,festigal
1201,israeli pop
1202,bergamo indie
1203,italian indie pop
1204,italian pop
1205,milan indie
1206,italian adult pop
1207,italian pop
1208,italian pop
1209,italian hip hop
1210,rap genovese
1211,bergamo indie
1212,italian indie pop
1213,italian pop
1214,milan indie
1215,italian adult pop
1216,italian pop
1217,italian hip hop
1218,italian hip hop
1219,italian underground hip hop
1220,rap sardegna
1221,italian hip hop
1222,trap metal italiana
1223,italian pop
1224,j-pop
1225,japanese singer-songwriter
1226,japanese teen pop
1227,anime
1228,anime rock
1229,j-pop
1230,j-pop
1231,japanese teen pop
1232,japanese teen pop
1233,j-pop
1234,japanese teen pop
1235,j-pop
1236,japanese teen pop
1237,j-pop
1238,japanese singer-songwriter
1239,japanese teen pop
1240,city pop
1241,j-pop
1242,j-rock
1243,japanese alternative rock
1244,japanese r&b
1245,k-pop
1246,k-pop girl group
1247,j-pop
1248,j-pop boy group
1249,j-pop
1250,j-rock
1251,j-pop
1252,j-pop
1253,japanese teen pop
1254,j-pop
1255,japanese teen pop
1256,j-pop
1257,japanese singer-songwriter
1258,japanese teen pop
1259,j-pop
1260,japanese teen pop
1261,anime
1262,anime rock
1263,j-pop
1264,j-pop
1265,japanese teen pop
1266,anime
1267,anime rock
1268,j-pop
1269,j-pop
1270,japanese soul
1271,anime
1272,anime rock
1273,j-pixie
1274,anime
1275,anime rock
1276,j-pop
1277,j-pop
1278,japanese pop rap
1279,j-pop
1280,japanese singer-songwriter
1281,japanese teen pop
1282,j-pop
1283,japanese teen pop
1284,j-acoustic
1285,j-pop
1286,j-pop
1287,japanese soul
1288,anime
1289,j-division
1290,j-pop
1291,anime rock
1292,j-pop
1293,japanese punk rock
1294,j-pop
1295,japanese teen pop
1296,j-pop
1297,japanese teen pop
1298,anime
1299,anime rock
1300,j-pop
1301,j-pop
1302,japanese teen pop
1303,j-pop
1304,japanese teen pop
1305,anime
1306,j-pop
1307,russian hip hop
1308,russian pop
1309,dreamo
1310,indie pop
1311,indie surf
1312,surf punk
1313,vegas indie
1314,russian hip hop
1315,russian trap
1316,afrofuturism
1317,russian hip hop
1318,russian trap
1319,russian hip hop
1320,russian trap
1321,russian hip hop
1322,russian trap
1323,dark trap
1324,new orleans rap
1325,underground hip hop
1326,lithuanian pop
1327,lithuanian pop
1328,austrian pop
1329,deep house
1330,new french touch
1331,tropical house
1332,lithuanian indie
1333,lithuanian pop
1334,lithuanian rock
1335,lithuanian pop
1336,k-pop
1337,k-pop boy group
1338,pop
1339,r&b
1340,permanent wave
1341,pop
1342,dubstep
1343,edm
1344,pop dance
1345,mexican hip hop
1346,pop venezolano
1347,mexican hip hop
1348,regional mexican
1349,corridos tumbados
1350,nuevo regional mexicano
1351,regional mexican
1352,sierreno
1353,corrido
1354,corridos tumbados
1355,nuevo regional mexicano
1356,sierreno
1357,corrido
1358,corridos tumbados
1359,nuevo regional mexicano
1360,regional mexican
1361,sierreno
1362,corrido
1363,corridos tumbados
1364,nuevo regional mexicano
1365,moroccan pop
1366,rap maroc
1367,rap maroc
1368,moroccan pop
1369,rap maroc
1370,afro r&b
1371,moroccan pop
1372,rai
1373,rap maroc
1374,arabic hip hop
1375,rap maroc
1376,moroccan pop
1377,rap maroc
1378,moroccan pop
1379,rap maroc
1380,moroccan pop
1381,rap maroc
1382,moroccan pop
1383,rap maroc
1384,rap maroc
1385,arabic hip hop
1386,rap maroc
1387,moroccan pop
1388,rai
1389,moroccan pop
1390,rai
1391,moroccan pop
1392,rap maroc
1393,moroccan pop
1394,rai
1395,rap maroc
1396,arabic hip hop
1397,moroccan pop
1398,rap maroc
1399,arabic hip hop
1400,rai
1401,rap tunisien
1402,rif
1403,tunisian pop
1404,moroccan pop
1405,rai
1406,rif
1407,moroccan pop
1408,rai
1409,moroccan pop
1410,rap maroc
1411,moroccan pop
1412,rap maroc
1413,moroccan pop
1414,rap maroc
1415,moroccan pop
1416,rap maroc
1417,moroccan pop
1418,rap maroc
1419,rap maroc
1420,moroccan pop
1421,rap maroc
1422,moroccan pop
1423,rap maroc
1424,arabic hip hop
1425,moroccan pop
1426,rap maroc
1427,arabic hip hop
1428,rap maroc
1429,moroccan pop
1430,rap maroc
1431,dutch pop
1432,dutch rap pop
1433,dutch pop
1434,dutch r&b
1435,dutch rap pop
1436,dutch pop
1437,dutch hip hop
1438,dutch pop
1439,dutch rock
1440,dutch pop
1441,dutch rock
1442,dutch pop
1443,dutch pop
1444,dutch hip hop
1445,dutch rap pop
1446,hawaiian hip hop
1447,rap
1448,nz reggae
1449,pacific islands pop
1450,pacific islands pop
1451,waiata maori
1452,pop rap
1453,nz reggae
1454,pacific islands pop
1455,nz reggae
1456,pacific islands pop
1457,nz reggae
1458,pacific islands pop
1459,pop
1460,uk pop
1461,latin
1462,reggaeton
1463,trap latino
1464,latin
1465,reggaeton
1466,trap latino
1467,latin
1468,reggaeton
1469,trap latino
1470,latin
1471,reggaeton
1472,trap latino
1473,norwegian indie
1474,norwegian pop
1475,tropical house
1476,norwegian pop
1477,norwegian pop rap
1478,russelater
1479,norwegian indie
1480,norwegian pop
1481,tropical house
1482,edm
1483,pop
1484,pop dance
1485,tropical house
1486,norwegian indie
1487,norwegian pop
1488,tropical house
1489,norwegian pop
1490,swedish gangsta rap
1491,swedish hip hop
1492,swedish trap
1493,swedish trap pop
1494,electro house
1495,latin
1496,reggaeton
1497,trap latino
1498,latin
1499,reggaeton
1500,trap latino
1501,latin
1502,panamanian pop
1503,reggaeton
1504,trap latino
1505,latin
1506,panamanian pop
1507,reggaeton
1508,trap latino
1509,cumbia 420
1510,cumbia villera
1511,latin
1512,reggaeton
1513,trap latino
1514,latin
1515,salsa
1516,salsa venezolana
1517,tropical
1518,colombian pop
1519,reggaeton colombiano
1520,latin
1521,latin arena pop
1522,latin pop
1523,spanish pop
1524,opm
1525,opm
1526,opm
1527,opm
1528,pinoy hip hop
1529,pinoy r&b
1530,pinoy trap
1531,tagalog rap
1532,opm
1533,opm
1534,opm
1535,pinoy hip hop
1536,tagalog rap
1537,opm
1538,opm
1539,pinoy singer-songwriter
1540,chill r&b
1541,k-pop
1542,korean r&b
1543,opm
1544,opm
1545,pinoy idol pop
1546,opm
1547,pinoy reggae
1548,pinoy rock
1549,polish hip hop
1550,polish trap
1551,polish hip hop
1552,polish trap
1553,polish hip hop
1554,polish trap
1555,polish hip hop
1556,polish pop
1557,polish trap
1558,polish hip hop
1559,polish trap
1560,polish hip hop
1561,polish trap
1562,polish alternative rap
1563,polish hip hop
1564,polish hip hop
1565,polish trap
1566,polish alternative
1567,polish hip hop
1568,polish trap
1569,polish hip hop
1570,polish hip hop
1571,polish trap
1572,polish hip hop
1573,polish trap
1574,polish hip hop
1575,polish trap
1576,polish hip hop
1577,polish trap
1578,polish hip hop
1579,polish trap
1580,polish hip hop
1581,polish hip hop
1582,polish hip hop
1583,polish trap
1584,polish pop
1585,funk carioca
1586,pop nacional
1587,spanish pop
1588,portuguese pop
1589,hip hop tuga
1590,trap tuga
1591,portuguese pop
1592,portuguese pop
1593,funk carioca
1594,funk ostentacao
1595,funk paulista
1596,musica santomense
1597,portuguese pop
1598,rap portuense
1599,hip hop tuga
1600,rap criolo
1601,sertanejo
1602,sertanejo pop
1603,sertanejo universitario
1604,funk bh
1605,funk carioca
1606,funk mandelao
1607,funk viral
1608,funk 150 bpm
1609,funk carioca
1610,funk bh
1611,electro house
1612,pop nacional
1613,slap house
1614,romanian trap
1615,romanian trap
1616,manele
1617,romanian trap
1618,romanian rap
1619,romanian trap
1620,romanian trap
1621,manele
1622,romanian pop
1623,romanian trap
1624,romanian trap
1625,romanian trap
1626,moldovan pop
1627,romanian pop
1628,romanian trap
1629,romanian trap
1630,moldovan pop
1631,romanian pop
1632,manele
1633,romanian rap
1634,manele
1635,romanian pop
1636,romanian trap
1637,manele
1638,manele
1639,romanian pop
1640,romanian trap
1641,manele
1642,russian hip hop
1643,russian trap
1644,russian hip hop
1645,russian trap
1646,russian hip hop
1647,russian trap
1648,russian alt pop
1649,russian electronic
1650,russian hip hop
1651,russian trap
1652,russian hip hop
1653,russian drain
1654,russian emo rap
1655,russian hip hop
1656,central asian hip hop
1657,kazakh hip hop
1658,kazakh pop
1659,russian hip hop
1660,russian trap
1661,russian drain
1662,russian hip hop
1663,russian emo rap
1664,russian hip hop
1665,russian trap
1666,russian drain
1667,russian hip hop
1668,russian drain
1669,russian hip hop
1670,russian trap
1671,russian alt pop
1672,russian hip hop
1673,russian hip hop
1674,russian hip hop
1675,russian drain
1676,russian hip hop
1677,russian alt pop
1678,russian hip hop
1679,russian trap
1680,russian drain
1681,russian hip hop
1682,russian trap
1683,russian alt pop
1684,russian hip hop
1685,russian trap
1686,russian alt pop
1687,russian hip hop
1688,russian alt pop
1689,russian hip hop
1690,russian trap
1691,russian alt pop
1692,russian hip hop
1693,sheilat
1694,sheilat
1695,sheilat
1696,sheilat
1697,egyptian pop
1698,sheilat
1699,australian hip hop
1700,khaliji
1701,sheilat
1702,sheilat
1703,khaliji
1704,eurovision
1705,g funk
1706,gangster rap
1707,hip hop
1708,rap
1709,west coast rap
1710,pop
1711,pop rap
1712,khaliji
1713,sheilat
1714,plugg
1715,viral rap
1716,czsk hip hop
1717,slovak hip hop
1718,czsk hip hop
1719,slovak hip hop
1720,czsk hip hop
1721,czsk hip hop
1722,slovak hip hop
1723,afro soul
1724,south african pop
1725,afro soul
1726,amapiano
1727,south african pop
1728,amapiano
1729,afro soul
1730,south african pop
1731,amapiano
1732,afro soul
1733,amapiano
1734,south african pop
1735,afro soul
1736,south african pop
1737,afro house
1738,afro soul
1739,south african alternative
1740,south african pop
1741,afro soul
1742,amapiano
1743,south african pop
1744,amapiano
1745,afro soul
1746,amapiano
1747,amapiano
1748,k-pop
1749,k-pop girl group
1750,k-pop
1751,korean pop
1752,k-pop
1753,k-pop
1754,k-pop
1755,k-pop girl group
1756,k-pop
1757,k-pop girl group
1758,k-pop
1759,k-pop
1760,k-pop
1761,k-pop boy group
1762,k-pop
1763,k-pop girl group
1764,k-pop
1765,k-pop girl group
1766,dance pop
1767,pop
1768,k-pop
1769,urbano espanol
1770,trap latino
1771,latin
1772,reggaeton
1773,trap latino
1774,rap espanol
1775,trap latino
1776,trap triste
1777,urbano espanol
1778,cubaton
1779,boom bap espanol
1780,rap canario
1781,rap espanol
1782,urbano espanol
1783,drill espanol
1784,urbano espanol
1785,spanish pop
1786,flamenco urbano
1787,trap latino
1788,urbano espanol
1789,drill espanol
1790,trap latino
1791,urbano espanol
1792,drill espanol
1793,rap espanol
1794,trap latino
1795,urbano espanol
1796,swedish hip hop
1797,swedish trap pop
1798,swedish gangsta rap
1799,swedish hip hop
1800,swedish trap
1801,swedish trap pop
1802,swedish gangsta rap
1803,swedish hip hop
1804,swedish trap
1805,swedish trap pop
1806,swedish hip hop
1807,swedish trap pop
1808,swedish idol pop
1809,swedish pop
1810,swedish drill
1811,swedish gangsta rap
1812,swedish hip hop
1813,swedish trap
1814,swedish trap pop
1815,swedish gangsta rap
1816,swedish hip hop
1817,swedish trap
1818,swedish trap pop
1819,swedish drill
1820,swedish gangsta rap
1821,swedish hip hop
1822,swedish trap
1823,swedish trap pop
1824,barnmusik
1825,swedish gangsta rap
1826,swedish hip hop
1827,swedish trap
1828,swedish trap pop
1829,swedish gangsta rap
1830,swedish hip hop
1831,swedish reggae
1832,swedish trap pop
1833,swedish gangsta rap
1834,swedish hip hop
1835,swedish trap
1836,swedish trap pop
1837,swedish hip hop
1838,swedish trap pop
1839,europop
1840,swedish idol pop
1841,swedish pop
1842,swedish pop
1843,swedish singer-songwriter
1844,swedish idol pop
1845,swedish pop
1846,swedish gangsta rap
1847,swedish hip hop
1848,swedish trap
1849,swedish trap pop
1850,swedish drill
1851,swedish gangsta rap
1852,swedish hip hop
1853,swedish trap
1854,swedish trap pop
1855,swedish drill
1856,swedish gangsta rap
1857,swedish hip hop
1858,swedish trap
1859,swedish trap pop
1860,swedish idol pop
1861,swedish pop
1862,swedish pop rap
1863,swedish hip hop
1864,swedish pop
1865,swedish trap pop
1866,swedish gangsta rap
1867,swedish hip hop
1868,swedish trap
1869,swedish trap pop
1870,swedish idol pop
1871,swedish pop
1872,swedish gangsta rap
1873,swedish hip hop
1874,swedish trap
1875,swedish trap pop
1876,swedish drill
1877,swedish gangsta rap
1878,swedish hip hop
1879,swedish trap
1880,swedish trap pop
1881,swedish drill
1882,swedish gangsta rap
1883,swedish hip hop
1884,swedish trap
1885,swedish trap pop
1886,swedish gangsta rap
1887,swedish hip hop
1888,swedish trap
1889,swedish trap pop
1890,albanian pop
1891,mandopop
1892,taiwan indie
1893,taiwan pop
1894,taiwanese indie
1895,mandopop
1896,taiwan indie
1897,chinese indie
1898,mandopop
1899,taiwan indie
1900,taiwan pop
1901,taiwan singer-songwriter
1902,mandopop
1903,taiwan indie
1904,mandopop
1905,c-pop
1906,mandopop
1907,chinese viral pop
1908,mandopop
1909,taiwan indie
1910,taiwan rock
1911,chinese viral pop
1912,chinese viral pop
1913,taiwan singer-songwriter
1914,mandopop
1915,mandopop
1916,taiwan indie
1917,chinese viral pop
1918,mainland chinese pop
1919,dance pop
1920,edm
1921,electro house
1922,pop dance
1923,pop rap
1924,tropical house
1925,chinese viral pop
1926,mainland chinese pop
1927,mandopop
1928,taiwan idol pop
1929,taiwan pop
1930,mandopop
1931,mandopop
1932,mandopop
1933,taiwan singer-songwriter
1934,chinese r&b
1935,mandopop
1936,taiwan hip hop
1937,mandopop
1938,taiwan indie
1939,taiwan idol pop
1940,mandopop
1941,taiwan hip hop
1942,taiwan pop
1943,chinese viral pop
1944,thai pop
1945,thai pop rap
1946,thai pop rap
1947,thai indie rock
1948,thai pop
1949,t-pop girl group
1950,thai teen pop
1951,thai trap
1952,thai indie rock
1953,thai pop
1954,thai pop
1955,thai indie pop
1956,thai pop
1957,thai indie pop
1958,thai pop
1959,thai pop
1960,thai hip hop
1961,thai pop
1962,thai trap
1963,thai folk
1964,thai indie pop
1965,thai pop
1966,thai folk
1967,thai indie pop
1968,thai pop
1969,thai indie pop
1970,thai pop
1971,thai indie rock
1972,thai pop
1973,thai hip hop
1974,thai indie pop
1975,thai pop
1976,thai hip hop
1977,thai pop
1978,thai indie pop
1979,thai pop
1980,thai indie rock
1981,thai pop
1982,thai indie rock
1983,thai pop
1984,thai folk
1985,thai indie pop
1986,thai pop
1987,bass trap
1988,turkish trap
1989,turkish trap
1990,turkish trap pop
1991,turkish pop
1992,turkish trap pop
1993,turkish trap
1994,turkish trap pop
1995,turkish hip hop
1996,turkish trap
1997,turkish trap pop
1998,turkish trap
1999,turkish alt pop
2000,turkish alt pop
2001,turkish alternative rock
2002,turkish alt pop
2003,turkce kadin rap
2004,turkish trap pop
2005,turkce drill
2006,turkish hip hop
2007,turkish trap
2008,turkish trap pop
2009,turkish alternative rock
2010,turkish hip hop
2011,turkish trap pop
2012,turkish trap
2013,anadolu rock
2014,karadeniz turkuleri
2015,turkish alternative
2016,turkish alternative rock
2017,turkish rock
2018,turkish alt pop
2019,turkish pop
2020,turkish trap
2021,turkish trap pop
2022,turkish alternative rock
2023,turkish pop
2024,turkish trap pop
2025,turkish trap pop
2026,turkish hip hop
2027,turkish trap pop
2028,turkish alt pop
2029,turkish trap
2030,turkish alt pop
2031,turkish hip hop
2032,turkish trap
2033,turkish trap pop
2034,turkish alt pop
2035,turkish pop
2036,turkish trap pop
2037,turkish pop
2038,turkish trap pop
2039,turkish trap
2040,turkish trap
2041,turkish hip hop
2042,turkish trap pop
2043,turkish singer-songwriter
2044,turkish hip hop
2045,turkish trap pop
2046,turkish rock
2047,turkish trap
2048,turkish trap pop
2049,turkish pop
2050,turkish rock
2051,russian drain
2052,russian hip hop
2053,ukrainian hip hop
2054,russian drain
2055,russian hip hop
2056,russian drain
2057,russian hip hop
2058,ukrainian pop
2059,ukrainian rock
2060,russian drain
2061,russian hip hop
2062,russian pop
2063,ukrainian pop
2064,drift phonk
2065,sad lo-fi
2066,central asian hip hop
2067,kazakh hip hop
2068,kazakh pop
2069,russian hip hop
2070,russian trap
2071,dance pop
2072,edm
2073,pop
2074,pop dance
2075,tropical house
2076,uk dance
2077,uk funky
2078,florida rap
2079,trap
2080,chicago rap
2081,colombian pop
2082,gypsy jazz
2083,latin alternative
2084,latin pop
2085,latin rock
2086,conscious hip hop
2087,hip hop
2088,north carolina hip hop
2089,rap
2090,dance pop
2091,pop
2092,cumbia pop
2093,v-pop
2094,vietnamese hip hop
2095,v-pop
2096,v-pop
2097,v-pop
2098,indie viet
2099,v-pop
2100,vietnamese hip hop
2101,v-pop
2102,vietnamese singer-songwriter
2103,v-pop
2104,indie viet
2105,rock viet
2106,v-pop
2107,vietnamese singer-songwriter
2108,indie viet
2109,v-pop
2110,v-pop
2111,v-pop
2112,vietnamese hip hop
2113,vietnamese singer-songwriter
2114,indie viet
2115,v-pop
2116,indie viet
2117,v-pop
2118,vietnamese hip hop
2119,indie viet
2120,v-pop
2121,vietnamese hip hop
2122,v-pop
2123,indie viet
2124,v-pop
2125,vietnamese hip hop
2126,v-pop
2127,vietnamese hip hop
2128,v-pop
2129,indie viet
2130,v-pop
2131,v-pop
2132,vietnamese singer-songwriter
2133,indie viet
2134,rock viet
2135,v-pop
2136,vietnamese singer-songwriter
2137,v-pop
2138,vietnamese hip hop
2139,v-pop
2140,v-pop
2141,indie viet
2142,v-pop
2143,indie viet
2144,v-pop
2145,v-pop
2146,v-pop
2147,pop
2148,uk pop
2149,pop
2150,uk pop
2151,pop
2152,uk pop
2153,pop
2154,uk pop
2155,pop
2156,uk pop
2157,pop
2158,uk pop
2159,argentine hip hop
2160,r&b argentino
2161,trap argentino
2162,trap latino
2163,argentine hip hop
2164,r&b argentino
2165,trap argentino
2166,trap latino
2167,cumbia 420
2168,cumbia pop
2169,pop
2170,uk pop
2171,german cloud rap
2172,german hip hop
2173,kleinkunst
2174,sertanejo
2175,sertanejo universitario
2176,bulgarian pop
2177,chalga
2178,bulgarian pop
2179,chalga
2180,pop
2181,r&b
2182,soul
2183,melodic rap
2184,philly rap
2185,rap
2186,trap
2187,pop
2188,uk pop
2189,disco
2190,pop
2191,uk pop
2192,latin
2193,reggaeton
2194,reggaeton flow
2195,trap boricua
2196,trap latino
2197,czsk hip hop
2198,danish pop
2199,scandinavian r&b
2200,german drill
2201,german underground rap
2202,pop
2203,uk pop
2204,reggaeton
2205,trap boricua
2206,trap latino
2207,trap triste
2208,egyptian hip hop
2209,reggaeton mexicano
2210,reggaeton
2211,reggaeton flow
2212,trap latino
2213,estonian hip hop
2214,estonian pop
2215,estonian electronic
2216,estonian pop
2217,estonian electronic
2218,estonian pop
2219,finnish dance pop
2220,finnish hip hop
2221,finnish pop
2222,pop
2223,uk pop
2224,big room
2225,dance pop
2226,edm
2227,pop
2228,pop dance
2229,pop rap
2230,french hip hop
2231,pop urbaine
2232,rap francais
2233,french hip hop
2234,pop urbaine
2235,rap francais
2236,german hip hop
2237,german pop
2238,german trap
2239,german cloud rap
2240,german hip hop
2241,german alternative rap
2242,german hip hop
2243,german pop
2244,german rock
2245,albanian hip hop
2246,german hip hop
2247,kosovan pop
2248,turbo folk
2249,greek drill
2250,greek drill
2251,greek drill
2252,greek drill
2253,greek drill
2254,greek drill
2255,greek drill
2256,greek drill
2257,greek drill
2258,greek drill
2259,greek drill
2260,greek drill
2261,greek drill
2262,greek drill
2263,greek drill
2264,greek drill
2265,greek drill
2266,greek drill
2267,greek drill
2268,greek drill
2269,greek drill
2270,greek drill
2271,greek drill
2272,greek drill
2273,cantopop
2274,hungarian hip hop
2275,magyar trap
2276,icelandic hip hop
2277,icelandic pop
2278,icelandic hip hop
2279,icelandic pop
2280,icelandic hip hop
2281,icelandic pop
2282,icelandic hip hop
2283,icelandic pop
2284,icelandic hip hop
2285,icelandic pop
2286,icelandic pop
2287,icelandic electronic
2288,icelandic pop
2289,alternative r&b
2290,viral pop
2291,pop
2292,uk pop
2293,dance pop
2294,pop
2295,pop dance
2296,tropical house
2297,uk dance
2298,emo trap italiana
2299,latvian pop
2300,latvian pop
2301,latvian pop
2302,latvian pop
2303,latvian pop
2304,latvian pop
2305,latvian pop
2306,latvian pop
2307,latvian pop
2308,latvian pop
2309,east coast hip hop
2310,hip hop
2311,rap
2312,trap
2313,corrido
2314,nuevo regional mexicano
2315,regional mexican
2316,sierreno
2317,banda
2318,corrido
2319,norteno
2320,nuevo regional mexicano
2321,regional mexican
2322,sierreno
2323,arabic hip hop
2324,moroccan pop
2325,rap maroc
2326,rap maroc
2327,dutch pop
2328,dutch rock
2329,dutch pop
2330,dutch rock
2331,norwegian pop
2332,nordnorsk rap
2333,norwegian indie
2334,norwegian pop
2335,norwegian pop rap
2336,norwegian trap
2337,latin
2338,reggaeton
2339,trap latino
2340,panamanian pop
2341,polish pop
2342,hip hop tuga
2343,rap criolo
2344,eurovision
2345,romanian pop
2346,russian drain
2347,russian hip hop
2348,russian trap
2349,russian hip hop
2350,russian trap
2351,russian hip hop
2352,russian dance
2353,russian pop
2354,russian hip hop
2355,russian pop
2356,russian trap
2357,dark trap
2358,florida rap
2359,czsk hip hop
2360,afro soul
2361,amapiano
2362,south african pop
2363,amapiano
2364,afro soul
2365,amapiano
2366,south african pop
2367,afro soul
2368,amapiano
2369,south african pop
2370,afro soul
2371,amapiano
2372,south african pop
2373,afro soul
2374,amapiano
2375,south african pop
2376,afro soul
2377,amapiano
2378,south african pop
2379,afro soul
2380,amapiano
2381,south african pop
2382,afro soul
2383,south african pop
2384,afro soul
2385,afro soul
2386,amapiano
2387,south african pop
2388,k-pop
2389,korean pop
2390,korean r&b
2391,cantautor
2392,latin afrobeat
2393,latin alternative
2394,latin rock
2395,rock en espanol
2396,swedish idol pop
2397,swedish pop
2398,swedish pop rap
2399,swedish idol pop
2400,swedish pop
2401,swedish gangsta rap
2402,swedish hip hop
2403,swedish trap pop
2404,chinderlieder
2405,mundart
2406,schweizer rap
2407,swiss hip hop
2408,swiss indie
2409,swiss reggae
2410,russian drain
2411,russian hip hop
2412,pop
2413,uk pop
2414,pop
2415,uk pop
2416,disney
2417,bulgarian pop
2418,chalga
2419,macedonian folk
2420,dembow
2421,dominican pop
2422,rap dominicano
2423,trap latino
2424,finnish dance pop
2425,finnish hip hop
2426,finnish pop
2427,suomi rock
2428,finnish dance pop
2429,finnish pop
2430,iskelma
2431,suomi rock
2432,finnish dance pop
2433,finnish hip hop
2434,finnish pop
2435,iskelma
2436,suomi rock
2437,desi pop
2438,punjabi pop
2439,norteno
2440,nuevo regional mexicano
2441,regional mexican
2442,sierreno
2443,arabic hip hop
2444,rap maroc
2445,arabic hip hop
2446,rap maroc
2447,dutch trance
2448,edm
2449,pop dance
2450,progressive house
2451,trance
2452,russelater
2453,romanian rap
2454,romanian trap
2455,czsk hip hop
2456,afro soul
2457,south african pop
2458,afro soul
2459,amapiano
2460,south african pop
2461,afro soul
2462,amapiano
2463,south african pop
2464,k-pop
2465,classic swedish pop
2466,swedish pop
2467,classic russian rock
2468,horror punk
2469,russian folk rock
2470,russian metal
2471,russian punk
2472,russian punk rock
2473,russian rock
2474,russian ska
2475,pop
2476,chill drill
2477,halloween
2478,novelty
2479,funk carioca
2480,australian rock
2481,hard rock
2482,rock
2483,pop
2484,r&b
2485,soul
2486,art rock
2487,dance rock
2488,europop
2489,mellow gold
2490,new romantic
2491,new wave
2492,new wave pop
2493,rock
2494,soft rock
2495,sophisti-pop
2496,synthpop
2497,boy band
2498,dance pop
2499,hollywood
2500,novelty
2501,dance pop
2502,pop
2503,post-teen pop
2504,horror synth
2505,soundtrack
2506,classic icelandic pop
2507,icelandic folk
2508,icelandic pop
2509,icelandic singer-songwriter
2510,classic icelandic pop
2511,icelandic folk
2512,icelandic pop
2513,icelandic singer-songwriter
2514,classic icelandic pop
2515,icelandic folk
2516,icelandic pop
2517,icelandic singer-songwriter
2518,indonesian pop
2519,israeli mediterranean
2520,israeli pop
2521,mizrahi
2522,norteno
2523,nuevo regional mexicano
2524,regional mexican
2525,sierreno
2526,rap maroc
2527,dance pop
2528,latin
2529,latin pop
2530,latin viral pop
2531,pop
2532,rap latina
2533,reggaeton
2534,trap latino
2535,k-rap
2536,korean pop
2537,k-rap
2538,korean trap
2539,swedish pop
2540,classic swedish pop
2541,swedish pop
2542,swedish pop
2543,turkish alt pop
2544,alt z
2545,electropop
2546,indie poptimism
2547,pop
2548,russian drain
2549,russian hip hop
2550,k-pop
2551,k-pop boy group
2552,k-pop
2553,k-pop boy group
2554,afro r&b
2555,ghanaian alternative
2556,ghanaian pop
2557,egyptian hip hop
2558,egyptian hip hop
2559,francoton
2560,hungarian pop
2561,desi hip hop
2562,desi pop
2563,punjabi pop
2564,dance pop
2565,pop
2566,urban contemporary
2567,israeli rock
2568,italian hip hop
2569,rap napoletano
2570,mexican hip hop
2571,rai
2572,rap algerien
2573,amapiano
2574,dembow
2575,dominican pop
2576,rap dominicano
2577,trap latino
2578,urbano espanol
2579,turkish alt pop
2580,turkish pop
2581,russian drain
2582,russian hip hop
2583,pop costarricense
2584,arab alternative
2585,egyptian alternative
2586,egyptian pop
2587,egyptian hip hop
2588,greek drill
2589,classic icelandic pop
2590,icelandic folk
2591,icelandic pop
2592,icelandic singer-songwriter
2593,israeli pop
2594,italian pop
2595,moroccan pop
2596,rap maroc
2597,romanian trap
2598,romanian trap
2599,romanian trap
2600,romanian trap
2601,romanian trap
2602,moldovan pop
2603,romanian pop
2604,russian grime
2605,russian hip hop
2606,russian trap
2607,k-pop
2608,k-pop boy group
2609,mandopop
2610,taiwan pop
2611,v-pop
2612,vietnamese hip hop
2613,german pop
2614,trap carioca
2615,trap pesado
2616,bulgarian pop
2617,bulgarian pop
2618,hip hop
2619,kansas city hip hop
2620,pop rap
2621,dark clubbing
2622,destroy techno
2623,electro house
2624,czech hip hop
2625,czsk hip hop
2626,czech hip hop
2627,czsk hip hop
2628,egyptian hip hop
2629,classic icelandic pop
2630,icelandic folk
2631,icelandic pop
2632,icelandic singer-songwriter
2633,modern alternative rock
2634,modern rock
2635,pop
2636,chinese viral pop
2637,mainland chinese pop
2638,argentine hip hop
2639,pop venezolano
2640,trap argentino
2641,trap latino
2642,argentine rock
2643,argentine telepop
2644,latin alternative
2645,latin rock
2646,rock en espanol
2647,cumbia 420
2648,rkt
2649,mambo chileno
2650,reggaeton flow
2651,trap latino
2652,dakke dak
2653,danish hip hop
2654,danish pop
2655,argentine hip hop
2656,pop venezolano
2657,trap argentino
2658,trap latino
2659,russian drill
2660,russian hip hop
2661,russian trap
2662,estonian pop
2663,eurovision
2664,desi pop
2665,modern bollywood
2666,desi pop
2667,filmi
2668,modern bollywood
2669,desi pop
2670,punjabi pop
2671,indonesian pop
2672,j-pop
2673,japanese singer-songwriter
2674,japanese teen pop
2675,environmental
2676,polish hip hop
2677,romanian trap
2678,khaliji
2679,sheilat
2680,czech folk
2681,slovak pop
2682,k-rap
2683,swedish pop
2684,rap
2685,slap house
2686,sertanejo
2687,big room
2688,brostep
2689,dance pop
2690,dutch edm
2691,edm
2692,house
2693,pop
2694,pop dance
2695,slap house
2696,trance
2697,tropical house
2698,danish alternative rock
2699,danish pop
2700,danish post-punk
2701,danish rock
2702,danish hip hop
2703,danish pop
2704,danish hip hop
2705,danish pop
2706,latin
2707,puerto rican pop
2708,reggaeton
2709,trap latino
2710,estonian hip hop
2711,estonian pop
2712,finnish dance pop
2713,finnish hip hop
2714,finnish pop
2715,suomirap
2716,cyber metal
2717,finnish metal
2718,suomi rock
2719,french hip hop
2720,pop urbaine
2721,french hip hop
2722,pop urbaine
2723,french hip hop
2724,pop urbaine
2725,french hip hop
2726,pop urbaine
2727,french hip hop
2728,pop urbaine
2729,french hip hop
2730,pop urbaine
2731,french hip hop
2732,pop urbaine
2733,french hip hop
2734,pop urbaine
2735,french hip hop
2736,pop urbaine
2737,french hip hop
2738,pop urbaine
2739,german pop
2740,german hip hop
2741,german trap
2742,icelandic electronic
2743,icelandic pop
2744,icelandic pop
2745,israeli pop
2746,italian pop
2747,rap napoletano
2748,rome indie
2749,italian hip hop
2750,italian pop
2751,pop virale italiano
2752,rap napoletano
2753,italian hip hop
2754,trap italiana
2755,italian hip hop
2756,italian pop
2757,pop virale italiano
2758,rap napoletano
2759,italian hip hop
2760,italian pop
2761,pop virale italiano
2762,rap napoletano
2763,big room
2764,dance pop
2765,edm
2766,pop
2767,pop dance
2768,pop rap
2769,polish hip hop
2770,polish trap
2771,polish hip hop
2772,rap portuense
2773,romanian trap
2774,russian alt pop
2775,russian hip hop
2776,russian trap
2777,afro soul
2778,south african pop
2779,swedish drill
2780,swedish hip hop
2781,swedish pop
2782,swedish reggae
2783,swedish trap
2784,swedish trap pop
2785,turkish trap pop
2786,memphis hip hop
2787,v-pop
2788,cumbia pop
2789,sertanejo
2790,sertanejo
2791,sertanejo
2792,sertanejo
2793,sertanejo
2794,sertanejo
2795,sertanejo
2796,sertanejo
2797,sertanejo
2798,sertanejo
2799,sertanejo
2800,sertanejo
2801,sertanejo
2802,dance pop
2803,hip hop
2804,pop rap
2805,rap
2806,southern hip hop
2807,st louis rap
2808,urban contemporary
2809,finnish dance pop
2810,finnish hip hop
2811,finnish pop
2812,suomi rock
2813,finnish dance pop
2814,finnish hip hop
2815,finnish pop
2816,iskelma
2817,suomi rock
2818,finnish dance pop
2819,finnish pop
2820,iskelma
2821,suomi rock
2822,finnish dance pop
2823,finnish hip hop
2824,finnish pop
2825,iskelma
2826,suomi rock
2827,greek pop
2828,laiko
2829,hungarian hip hop
2830,hungarian pop
2831,magyar trap
2832,europop
2833,new romantic
2834,new wave
2835,new wave pop
2836,soft rock
2837,adult standards
2838,canadian pop
2839,jazz pop
2840,lounge
2841,classic icelandic pop
2842,icelandic pop
2843,israeli pop
2844,italian hip hop
2845,italian pop
2846,pop virale italiano
2847,rap napoletano
2848,sertanejo
2849,sertanejo
2850,romanian trap
2851,russian grime
2852,russian hip hop
2853,russian trap
2854,k-rap
2855,albanian pop
2856,turkish rock
2857,indie viet
2858,v-pop
2859,vietnamese hip hop
2860,cuarteto
2861,cumbia pop
2862,kleinkunst
2863,kleinkunst
2864,sertanejo
2865,sertanejo pop
2866,sertanejo tradicional
2867,sertanejo universitario
2868,bulgarian pop
2869,egyptian hip hop
2870,arab pop
2871,egyptian pop
2872,k-rap
2873,k-rap
2874,korean pop
2875,scandinavian r&b
2876,swedish dancehall
2877,swedish drill
2878,swedish hip hop
2879,swedish pop
2880,swedish trap pop
2881,classic swedish pop
2882,swedish pop
2883,swedish pop
2884,dalarna indie
2885,swedish pop
2886,chinese r&b
2887,mandopop
2888,taiwan pop
2889,taiwan singer-songwriter
2890,sertanejo
2891,russian alt pop
2892,russian pop
2893,greek pop
2894,cantopop
2895,israeli mediterranean
2896,israeli pop
2897,drift phonk
2898,wave
2899,rap maroc
2900,arabic hip hop
2901,moroccan pop
2902,rap maroc
2903,turkish hip hop
2904,turkish trap pop
2905,sertanejo
2906,sertanejo universitario
2907,israeli mediterranean
2908,israeli pop
2909,mizrahi
2910,russian dance pop
2911,russian pop
2912,rap maroc
2913,polish hip hop
2914,russian grime
2915,russian hip hop
2916,russian trap
2917,kazakh hip hop
2918,kazakh pop
2919,russian alt pop
2920,russian pop
2921,amapiano
2922,sertanejo
2923,sertanejo universitario
2924,sertanejo
2925,sertanejo pop
2926,sertanejo universitario
2927,slovak pop
2928,slovak punk
2929,slovak pop
2930,slovak punk
2931,slovak pop
2932,slovak punk
2933,arab pop
2934,belly dance
2935,egyptian pop
2936,persian pop
2937,rif
2938,finnish pop
2939,greek trap
2940,cantopop
2941,bedroom soul
2942,chill r&b
2943,pop
2944,arabic hip hop
2945,moroccan pop
2946,rap maroc
2947,russian alt pop
2948,russian hip hop
2949,russian hip hop
2950,russian trap
2951,glitchcore
2952,contemporary country
2953,country
2954,reggaeton colombiano
2955,trap latino
2956,slovak pop
2957,slovak punk
2958,r&b en espanol
2959,c-pop
2960,cantopop
2961,tollywood
2962,desi pop
2963,modern bollywood
2964,rap maroc
2965,slovak pop
2966,slovak punk
2967,slovak pop
2968,slovak punk
2969,slovak pop
2970,slovak punk
2971,k-rap
2972,korean pop
2973,korean r&b
2974,k-rap
2975,korean pop
2976,korean r&b
2977,k-rap
2978,korean pop
2979,korean r&b
2980,k-rap
2981,korean pop
2982,korean r&b
2983,trap argentino
2984,trap latino
2985,trap triste
2986,indie viet
2987,rock viet
2988,v-pop
2989,vietnamese singer-songwriter
2990,dance pop
2991,pop
2992,dance pop
2993,pop
2994,latin pop
2995,pop argentino
2996,chicago rap
2997,frauenrap
2998,german hip hop
2999,german pop
3000,german hip hop
3001,austropop
3002,graz indie
3003,volkspop
3004,french hip hop
3005,pop urbaine
3006,rap conscient
3007,rap francais
3008,funk carioca
3009,funk pop
3010,pagode baiano
3011,pop nacional
3012,bulgarian hip hop
3013,bulgarian pop
3014,bulgarian pop
3015,alt z
3016,dance pop
3017,pop
3018,post-teen pop
3019,reggaeton
3020,trap latino
3021,latin
3022,reggaeton
3023,reggaeton flow
3024,trap boricua
3025,trap latino
3026,czsk hip hop
3027,czsk hip hop
3028,czsk hip hop
3029,slovak hip hop
3030,czsk hip hop
3031,czsk hip hop
3032,danish hip hop
3033,danish pop
3034,danish hip hop
3035,danish pop
3036,finnish dance pop
3037,finnish hip hop
3038,eurovision
3039,oulu metal
3040,trancecore
3041,eurovision
3042,finnish dance pop
3043,finnish pop
3044,iskelma
3045,finnish dance pop
3046,finnish hip hop
3047,electro house
3048,finnish dance pop
3049,finnish hip hop
3050,suomirap
3051,french hip hop
3052,pop urbaine
3053,rap conscient
3054,rap francais
3055,french hip hop
3056,pop urbaine
3057,rap conscient
3058,rap francais
3059,french hip hop
3060,pop urbaine
3061,rap conscient
3062,rap francais
3063,french hip hop
3064,pop urbaine
3065,rap conscient
3066,rap francais
3067,french hip hop
3068,pop urbaine
3069,rap conscient
3070,rap francais
3071,french hip hop
3072,pop urbaine
3073,rap conscient
3074,rap francais
3075,french hip hop
3076,pop urbaine
3077,rap conscient
3078,rap francais
3079,french hip hop
3080,pop urbaine
3081,rap conscient
3082,rap francais
3083,german hip hop
3084,german hip hop
3085,german trap
3086,greek hip hop
3087,greek trap
3088,classic icelandic pop
3089,icelandic pop
3090,icelandic rock
3091,italian indie pop
3092,rome indie
3093,k-pop
3094,k-pop girl group
3095,dutch hip hop
3096,dutch pop
3097,dutch rap pop
3098,nordnorsk musikk
3099,norwegian indie
3100,norwegian pop
3101,norwegian singer-songwriter
3102,talentkonkurranse
3103,dance pop
3104,edm
3105,electro house
3106,electropop
3107,norwegian pop
3108,pop
3109,pop dance
3110,pop edm
3111,tropical house
3112,swedish hip hop
3113,swedish trap pop
3114,alternative dance
3115,new french touch
3116,norwegian pop
3117,romanian trap
3118,russian hip hop
3119,russian hip hop
3120,russian pop
3121,russian grime
3122,russian hip hop
3123,russian trap
3124,russian gangster rap
3125,russian hip hop
3126,russian pop
3127,russian drain
3128,russian hip hop
3129,russian trap
3130,russian pop
3131,russian gangster rap
3132,russian hip hop
3133,russian pop
3134,alternative hip hop
3135,boom bap
3136,east coast hip hop
3137,gangster rap
3138,hardcore hip hop
3139,hip hop
3140,old school hip hop
3141,queens hip hop
3142,rap
3143,turntablism
3144,czech hip hop
3145,czsk hip hop
3146,afro soul
3147,amapiano
3148,south african pop
3149,afro soul
3150,amapiano
3151,south african pop
3152,dance pop
3153,pop
3154,dance pop
3155,pop
3156,reggaeton
3157,trap boricua
3158,trap latino
3159,trap triste
3160,swedish hip hop
3161,swedish trap pop
3162,swedish pop
3163,swedish pop rap
3164,swedish drill
3165,swedish hip hop
3166,swedish trap pop
3167,fotbollslatar
3168,swedish eurodance
3169,swedish pop
3170,albanian hip hop
3171,albanian pop
3172,taiwan pop
3173,turkish hip hop
3174,turkish trap pop
3175,turkce drill
3176,turkish hip hop
3177,turkish trap pop
3178,anadolu rock
3179,karadeniz turkuleri
3180,turkish psych
3181,turkish rock
3182,turkish alt pop
3183,russian drain
3184,russian hip hop
3185,ukrainian hip hop
3186,dance pop
3187,pop
3188,dance pop
3189,pop
3190,dance pop
3191,pop
3192,dance pop
3193,pop
3194,dance pop
3195,pop
3196,cumbia pop
3197,cumbia pop
3198,v-pop
3199,sertanejo pop
3200,dembow
3201,latin
3202,rap dominicano
3203,reggaeton
3204,trap latino
3205,dominican pop
3206,rap dominicano
3207,egyptian alternative
3208,egyptian pop
3209,finnish dance pop
3210,finnish hip hop
3211,finnish pop
3212,suomi rock
3213,finnish dance pop
3214,finnish hip hop
3215,finnish pop
3216,finnish reggae
3217,iskelma
3218,suomi rock
3219,finnish dance pop
3220,finnish hip hop
3221,finnish pop
3222,iskelma
3223,suomi rock
3224,finnish dance pop
3225,finnish hip hop
3226,finnish pop
3227,iskelma
3228,suomi rock
3229,k-pop
3230,k-pop girl group
3231,classic icelandic pop
3232,icelandic pop
3233,classic icelandic pop
3234,icelandic pop
3235,k-pop
3236,k-pop girl group
3237,norteno
3238,nuevo regional mexicano
3239,regional mexican
3240,sierreno
3241,romanian house
3242,romanian pop
3243,russian grime
3244,russian hip hop
3245,russian trap
3246,russian grime
3247,russian hip hop
3248,russian trap
3249,russian grime
3250,russian hip hop
3251,russian trap
3252,russian grime
3253,russian hip hop
3254,russian trap
3255,gulf hip hop
3256,k-rap
3257,thai pop
3258,classic icelandic pop
3259,icelandic rock
3260,banda
3261,corrido
3262,nuevo regional mexicano
3263,regional mexican
3264,banda
3265,corrido
3266,nuevo regional mexicano
3267,regional mexican
3268,moroccan pop
3269,rai
3270,k-rap
3271,korean underground rap
3272,swedish pop
3273,norrbotten indie
3274,sami
3275,swedish hip hop
3276,swedish pop
3277,scandinavian r&b
3278,swedish dancehall
3279,swedish drill
3280,swedish hip hop
3281,swedish pop
3282,swedish trap pop
3283,dalarna indie
3284,swedish pop
3285,turkce slow sarkilar
3286,turkish alt pop
3287,turkish alternative rock
3288,k-pop
3289,k-pop boy group
3290,k-indie
3291,korean electropop
3292,arab pop
3293,belly dance
3294,egyptian pop
3295,persian pop
3296,rif
3297,malaysian mandopop
3298,mandopop
3299,punjabi hip hop
3300,anime
3301,j-pop
3302,japanese alternative rock
3303,japanese teen pop
3304,lithuanian hip hop
3305,lithuanian pop
3306,arabic hip hop
3307,rap maroc
3308,polish hip hop
3309,polish trap
3310,romanian pop
3311,g funk
3312,gangster rap
3313,hip hop
3314,rap
3315,west coast rap
3316,mandopop
3317,taiwan hip hop
3318,k-pop
3319,k-pop girl group
3320,k-pop
3321,k-pop girl group
3322,bulgarian pop
3323,garage rock
3324,permanent wave
3325,rock
3326,sheffield indie
3327,egyptian alternative
3328,filmi
3329,kollywood
3330,tamil pop
3331,moroccan pop
3332,rap maroc
3333,moroccan pop
3334,rap maroc
3335,romanian trap
3336,g funk
3337,gangster rap
3338,hip hop
3339,rap
3340,west coast rap
3341,trap latino
3342,french hip hop
3343,old school rap francais
3344,rap conscient
3345,arab pop
3346,belly dance
3347,egyptian pop
3348,persian pop
3349,rif
3350,indonesian pop
3351,celtic punk
3352,celtic rock
3353,folk punk
3354,punk
3355,israeli pop
3356,pop
3357,pop r&b
3358,r&b
3359,trap queen
3360,afrikaans
3361,south african pop
3362,argentine hip hop
3363,bases de freestyle
3364,trap argentino
3365,trap latino
3366,canadian pop
3367,candy pop
3368,dance pop
3369,pop
3370,post-teen pop
3371,czech hip hop
3372,czsk hip hop
3373,czech hip hop
3374,czsk hip hop
3375,czech hip hop
3376,czsk hip hop
3377,czech hip hop
3378,czsk hip hop
3379,czech hip hop
3380,czsk hip hop
3381,czech hip hop
3382,czsk hip hop
3383,czech hip hop
3384,czsk hip hop
3385,czech hip hop
3386,czsk hip hop
3387,czech hip hop
3388,czsk hip hop
3389,czech hip hop
3390,czsk hip hop
3391,czech hip hop
3392,czsk hip hop
3393,czech hip hop
3394,czsk hip hop
3395,czech hip hop
3396,czsk hip hop
3397,czech hip hop
3398,czsk hip hop
3399,czech hip hop
3400,czsk hip hop
3401,czech hip hop
3402,czsk hip hop
3403,greek drill
3404,greek underground rap
3405,cantopop
3406,classic icelandic pop
3407,icelandic pop
3408,j-pop
3409,j-pop
3410,japanese soul
3411,latvian pop
3412,latvian pop
3413,latvian rock
3414,latvian pop
3415,latvian rock
3416,classic latvian pop
3417,latvian pop
3418,british soul
3419,pop
3420,pop soul
3421,uk pop
3422,british soul
3423,pop
3424,pop soul
3425,uk pop
3426,australian dance
3427,australian pop
3428,pop
3429,polish hip hop
3430,rap portuense
3431,russian alt pop
3432,russian pop
3433,gangster rap
3434,hip hop
3435,memphis hip hop
3436,rap
3437,southern hip hop
3438,tennessee hip hop
3439,trap
3440,gangster rap
3441,hip hop
3442,memphis hip hop
3443,rap
3444,southern hip hop
3445,tennessee hip hop
3446,trap
3447,british soul
3448,pop
3449,pop soul
3450,uk pop
3451,british soul
3452,pop
3453,pop soul
3454,uk pop
3455,british soul
3456,pop
3457,pop soul
3458,uk pop
3459,british soul
3460,pop
3461,pop soul
3462,uk pop
3463,british soul
3464,pop
3465,pop soul
3466,uk pop
3467,british soul
3468,pop
3469,pop soul
3470,uk pop
3471,british soul
3472,pop
3473,pop soul
3474,uk pop
3475,british soul
3476,pop
3477,pop soul
3478,uk pop
3479,british soul
3480,pop
3481,pop soul
3482,uk pop
3483,argentine indie
3484,trap argentino
3485,argentine indie
3486,trap argentino
3487,german hip hop
3488,german underground rap
3489,german hip hop
3490,french hip hop
3491,old school rap francais
3492,rap conscient
3493,french hip hop
3494,old school rap francais
3495,rap conscient
3496,french hip hop
3497,old school rap francais
3498,rap conscient
3499,french hip hop
3500,old school rap francais
3501,rap conscient
3502,french hip hop
3503,old school rap francais
3504,rap conscient
3505,french hip hop
3506,old school rap francais
3507,rap conscient
3508,french hip hop
3509,old school rap francais
3510,rap conscient
3511,french hip hop
3512,old school rap francais
3513,rap conscient
3514,french hip hop
3515,old school rap francais
3516,rap conscient
3517,french hip hop
3518,old school rap francais
3519,rap conscient
3520,french hip hop
3521,old school rap francais
3522,rap conscient
3523,french hip hop
3524,old school rap francais
3525,rap conscient
3526,french hip hop
3527,old school rap francais
3528,rap conscient
3529,french hip hop
3530,old school rap francais
3531,rap conscient
3532,french hip hop
3533,old school rap francais
3534,rap conscient
3535,latin
3536,reggaeton
3537,reggaeton flow
3538,trap boricua
3539,trap latino
3540,reggaeton
3541,trap boricua
3542,trap latino
3543,trap triste
3544,drill francais
3545,french hip hop
3546,pop urbaine
3547,rap francais
3548,francoton
3549,pop urbaine
3550,french hip hop
3551,pop urbaine
3552,rap francais
3553,francoton
3554,pop urbaine
3555,german hip hop
3556,german pop
3557,german trap
3558,german hip hop
3559,german underground rap
3560,greek hip hop
3561,chinese viral pop
3562,mandopop
3563,singaporean mandopop
3564,singaporean singer-songwriter
3565,hungarian indie
3566,hungarian pop
3567,hungarian rock
3568,magyar alternative
3569,classic icelandic pop
3570,icelandic pop
3571,desi hip hop
3572,desi pop
3573,pakistani hip hop
3574,punjabi hip hop
3575,punjabi pop
3576,indonesian folk pop
3577,indonesian pop
3578,israeli pop
3579,italian hip hop
3580,trap italiana
3581,mexican hip hop
3582,trap mexicano
3583,moroccan pop
3584,rap maroc
3585,norwegian indie
3586,norwegian pop
3587,polish hip hop
3588,polish hip hop
3589,polish hip hop
3590,russian hip hop
3591,russian hip hop
3592,russian hip hop
3593,russian trap
3594,russian electronic
3595,russian hip hop
3596,russian hip hop
3597,russian hip hop
3598,russian hip hop
3599,russian hip hop
3600,sheilat
3601,chill r&b
3602,singaporean pop
3603,south african hip hop
3604,south african pop
3605,south african trap
3606,afropop
3607,ghanaian hip hop
3608,nigerian pop
3609,swedish idol pop
3610,swedish pop
3611,swedish pop rap
3612,swedish idol pop
3613,swedish pop
3614,swedish pop rap
3615,swedish gangsta rap
3616,swedish hip hop
3617,swedish trap
3618,swedish trap pop
3619,swedish idol pop
3620,swedish pop
3621,swedish pop rap
3622,thai indie pop
3623,thai pop
3624,turkish trap
3625,turkish hip hop
3626,turkish trap
3627,turkish rock
3628,russian alt pop
3629,ukrainian pop
3630,ukrainian rock
3631,blues rock
3632,classic rock
3633,mellow gold
3634,soft rock
3635,sophisti-pop
3636,sertanejo pop
3637,adult standards
3638,brill building pop
3639,easy listening
3640,czsk hip hop
3641,classic danish pop
3642,danish pop
3643,greenlandic pop
3644,dance pop
3645,pop
3646,post-teen pop
3647,finnish dance pop
3648,finnish pop
3649,iskelma
3650,suomi rock
3651,finnish dance pop
3652,finnish hip hop
3653,finnish pop
3654,suomi rock
3655,finnish dance pop
3656,finnish hip hop
3657,finnish pop
3658,iskelma
3659,suomi rock
3660,finnish dance pop
3661,finnish pop
3662,iskelma
3663,suomi rock
3664,finnish dance pop
3665,finnish hip hop
3666,finnish pop
3667,finnish reggae
3668,iskelma
3669,suomi rock
3670,c-pop
3671,cantopop
3672,classic cantopop
3673,classic icelandic pop
3674,icelandic rock
3675,barnalog
3676,classic icelandic pop
3677,icelandic pop
3678,icelandic pop
3679,classic icelandic pop
3680,desi pop
3681,punjabi pop
3682,k-pop
3683,k-pop boy group
3684,k-pop
3685,k-pop boy group
3686,khaleeji iraqi
3687,khaliji
3688,k-rap
3689,k-rap
3690,k-rap
3691,k-rap
3692,k-rap
3693,korean trap
3694,mandopop
3695,taiwan indie
3696,cumbia pop
3697,dance pop
3698,neo mellow
3699,pop
3700,pop rock
3701,post-teen pop
3702,talent show
3703,bulgarian hip hop
3704,bulgarian pop
3705,latin pop
3706,puerto rican pop
3707,adult standards
3708,easy listening
3709,lounge
3710,latin
3711,reggaeton
3712,trap latino
3713,icelandic rock
3714,classic icelandic pop
3715,icelandic pop
3716,icelandic rock
3717,desi pop
3718,desi pop
3719,arab pop
3720,moroccan pop
3721,rif
3722,shaabi
3723,norwegian pop
3724,norwegian indie
3725,norwegian pop
3726,candy pop
3727,norwegian pop
3728,norwegian singer-songwriter
3729,polish hip hop
3730,polish hip hop
3731,romanian trap
3732,k-rap
3733,korean trap
3734,korean underground rap
3735,k-rap
3736,classic swedish pop
3737,swedish pop
3738,swedish drill
3739,swedish hip hop
3740,swedish trap pop
3741,swedish gangsta rap
3742,swedish hip hop
3743,swedish trap
3744,swedish trap pop
3745,alt z
3746,dance pop
3747,electropop
3748,indie poptimism
3749,modern rock
3750,pop
3751,post-teen pop
3752,talent show
3753,dark trap
3754,drill
3755,hip hop
3756,miami hip hop
3757,rap
3758,underground hip hop
3759,egyptian hip hop
3760,greek hip hop
3761,greek trap
3762,hong kong hip hop
3763,desi pop
3764,filmi
3765,tamil pop
3766,dance pop
3767,pop
3768,uk pop
3769,czsk hip hop
3770,swedish drill
3771,swedish gangsta rap
3772,swedish hip hop
3773,swedish trap
3774,swedish trap pop
3775,thai indie pop
3776,thai pop
3777,dembow
3778,latin
3779,rap dominicano
3780,reggaeton
3781,trap latino
3782,arab pop
3783,egyptian pop
3784,greek trap
3785,cantopop
3786,hong kong hip hop
3787,indonesian pop
3788,japanese alternative pop
3789,francoton
3790,pop urbaine
3791,polish hip hop
3792,polish trap
3793,khaleeji iraqi
3794,khaliji
3795,chinese indie
3796,mandopop
3797,taiwan pop
3798,mandopop
3799,taiwan idol pop
3800,taiwan pop
3801,drift phonk
3802,v-pop
3803,cumbia pop
3804,latin pop
3805,argentine hip hop
3806,trap argentino
3807,trap latino
3808,trap triste
3809,cumbia pop
3810,latin pop
3811,j-pop
3812,j-acoustic
3813,j-pop
3814,norwegian pop rap
3815,russelater
3816,polish alternative
3817,khaliji
3818,sheilat
3819,czsk hip hop
3820,slovak hip hop
3821,turkish alt pop
3822,v-pop
3823,vietnamese singer-songwriter
3824,german hip hop
3825,german hip hop
3826,greek drill
3827,hungarian pop
3828,icelandic folk
3829,icelandic pop
3830,desi pop
3831,desi pop
3832,indonesian pop
3833,nz reggae
3834,pacific islands pop
3835,classic norwegian pop
3836,norwegian indie
3837,norwegian pop
3838,panamanian pop
3839,reggaeton
3840,trap boricua
3841,trap latino
3842,trap triste
3843,thai indie rock
3844,thai pop
3845,german hip hop
3846,adult standards
3847,canadian pop
3848,jazz pop
3849,lounge
3850,german hip hop
3851,sertanejo
3852,sertanejo universitario
3853,funk carioca
3854,funk ostentacao
3855,funk paulista
3856,latin
3857,reggaeton
3858,reggaeton flow
3859,trap boricua
3860,trap latino
3861,latin
3862,reggaeton
3863,reggaeton flow
3864,trap boricua
3865,trap latino
3866,argentine hip hop
3867,trap argentino
3868,trap latino
3869,trap triste
3870,latin
3871,reggaeton
3872,reggaeton flow
3873,trap boricua
3874,trap latino
3875,latin
3876,reggaeton
3877,reggaeton flow
3878,trap boricua
3879,trap latino
3880,latin
3881,reggaeton
3882,reggaeton flow
3883,trap boricua
3884,trap latino
3885,latin
3886,reggaeton
3887,reggaeton flow
3888,trap boricua
3889,trap latino
3890,czech pop
3891,polish pop
3892,classic czech pop
3893,czech folk
3894,czech pop
3895,czech rock
3896,latin
3897,reggaeton
3898,reggaeton flow
3899,trap boricua
3900,trap latino
3901,latin
3902,reggaeton
3903,reggaeton flow
3904,trap boricua
3905,trap latino
3906,latin
3907,reggaeton
3908,reggaeton flow
3909,trap boricua
3910,trap latino
3911,latin
3912,reggaeton
3913,reggaeton flow
3914,trap boricua
3915,trap latino
3916,latin
3917,reggaeton
3918,reggaeton flow
3919,trap boricua
3920,trap latino
3921,latin
3922,reggaeton
3923,reggaeton flow
3924,trap boricua
3925,trap latino
3926,latin
3927,reggaeton
3928,reggaeton flow
3929,trap boricua
3930,trap latino
3931,latin
3932,reggaeton
3933,reggaeton flow
3934,trap boricua
3935,trap latino
3936,latin
3937,reggaeton
3938,reggaeton flow
3939,trap boricua
3940,trap latino
3941,latin
3942,reggaeton
3943,reggaeton flow
3944,trap boricua
3945,trap latino
3946,egyptian hip hop
3947,estonian electronic
3948,estonian pop
3949,estonian electronic
3950,estonian pop
3951,estonian electronic
3952,estonian pop
3953,estonian pop
3954,finnish dance pop
3955,finnish hip hop
3956,finnish pop
3957,finnish dance pop
3958,finnish hip hop
3959,finnish pop
3960,finnish hip hop
3961,finnish pop
3962,electro house
3963,partyschlager
3964,german hip hop
3965,german hip hop
3966,pop rap
3967,german hip hop
3968,chill r&b
3969,hong kong hip hop
3970,c-pop
3971,cantopop
3972,classic icelandic pop
3973,icelandic pop
3974,icelandic rock
3975,italian pop
3976,italian pop
3977,italian pop
3978,italian pop
3979,italian pop
3980,italian pop
3981,italian pop
3982,italian pop
3983,italian pop
3984,italian pop
3985,italian pop
3986,italian pop
3987,drill italiana
3988,italian hip hop
3989,anime
3990,classic j-pop
3991,j-pop
3992,japanese singer-songwriter
3993,russian pop
3994,russian viral pop
3995,russian viral rap
3996,eurovision
3997,lithuanian pop
3998,lithuanian rock
3999,luxembourgian pop
4000,dutch house
4001,dutch pop
4002,norwegian pop
4003,electro house
4004,latin
4005,panamanian pop
4006,reggaeton
4007,trap latino
4008,polish alternative
4009,polish hip hop
4010,russian drain
4011,russian hip hop
4012,russian trap
4013,russian hip hop
4014,russian trap
4015,russian hip hop
4016,russian trap
4017,russian alt pop
4018,russian hip hop
4019,russian hip hop
4020,russian trap
4021,russian hip hop
4022,russian trap
4023,russian hip hop
4024,russian trap
4025,russian hip hop
4026,russian trap
4027,russian hip hop
4028,russian trap
4029,russian hip hop
4030,russian trap
4031,russian drill
4032,russian hip hop
4033,russian trap
4034,russian hip hop
4035,russian trap
4036,russian hip hop
4037,russian trap
4038,swedish hip hop
4039,swedish trap pop
4040,swedish drill
4041,swedish hip hop
4042,swedish trap pop
4043,swedish pop
4044,swedish drill
4045,swedish hip hop
4046,swedish trap pop
4047,classic swedish pop
4048,swedish pop
4049,europop
4050,swedish pop
4051,classic swedish pop
4052,fotbollslatar
4053,albanian pop
4054,tallava
4055,turkish hip hop
4056,turkish trap pop
4057,turkish hip hop
4058,turkish trap
4059,turkish trap pop
4060,turkish hip hop
4061,turkish trap
4062,turkish trap pop
4063,turkce drill
4064,turkish trap pop
4065,russian alt pop
4066,russian pop
4067,ukrainian indie
4068,ukrainian pop
4069,adult standards
4070,brill building pop
4071,easy listening
4072,vocal jazz
4073,dance pop
4074,pop
4075,sertanejo pop
4076,colombian pop
4077,latin
4078,latin pop
4079,musica popular colombiana
4080,tropical
4081,vallenato
4082,vallenato moderno
4083,czech hip hop
4084,czech pop
4085,classic danish pop
4086,danish pop
4087,danish pop rock
4088,classic danish pop
4089,danish hip hop
4090,classic danish pop
4091,danish hip hop
4092,danish pop
4093,danish pop
4094,danish pop rock
4095,danish pop
4096,pop
4097,scandipop
4098,egyptian hip hop
4099,egyptian hip hop
4100,arab pop
4101,egyptian pop
4102,finnish dance pop
4103,finnish hip hop
4104,finnish pop
4105,iskelma
4106,suomi rock
4107,finnish dance pop
4108,finnish pop
4109,iskelma
4110,suomi rock
4111,finnish dance pop
4112,finnish pop
4113,iskelma
4114,suomi rock
4115,classic icelandic pop
4116,icelandic pop
4117,classic icelandic pop
4118,icelandic pop
4119,classic icelandic pop
4120,icelandic pop
4121,icelandic rock
4122,classic icelandic pop
4123,indonesian pop
4124,norwegian pop
4125,k-rap
4126,k-rap
4127,k-rap
4128,k-rap
4129,korean underground rap
4130,k-rap
4131,k-rap
4132,k-rap
4133,classic swedish pop
4134,europop
4135,swedish pop
4136,classic swedish pop
4137,europop
4138,swedish pop
4139,classic swedish pop
4140,thai indie rock
4141,thai pop
4142,classic uk pop
4143,glam rock
4144,adult standards
4145,rock-and-roll
4146,rockabilly
4147,belgian pop
4148,vlaamse kinderliedje
4149,forro
4150,sertanejo pop
4151,classic czech pop
4152,czech folk
4153,czech pop
4154,czech rock
4155,danish pop
4156,classic danish pop
4157,danish pop
4158,classic danish pop
4159,adult standards
4160,canadian pop
4161,jazz pop
4162,lounge
4163,eurovision
4164,finnish dance pop
4165,finnish pop
4166,iskelma
4167,suomi rock
4168,classic finnish pop
4169,classic finnish rock
4170,finnish pop
4171,iskelma
4172,suomi rock
4173,classic finnish pop
4174,classic iskelma
4175,iskelma
4176,acoustic pop
4177,ectofolk
4178,indiecoustica
4179,lilith
4180,neo mellow
4181,pop rock
4182,dominican pop
4183,latin
4184,merengue
4185,merengue tipico
4186,musica tradicional dominicana
4187,tropical
4188,classic icelandic pop
4189,icelandic rock
4190,classic icelandic pop
4191,classic icelandic pop
4192,icelandic folk
4193,icelandic pop
4194,muzika l'yeladim
4195,muzika l'yeladim
4196,muzika l'yeladim
4197,muzika l'yeladim
4198,electro-pop francais
4199,boston indie
4200,indie garage rock
4201,k-pop
4202,k-pop boy group
4203,latin
4204,latin pop
4205,tropical
4206,art pop
4207,norwegian pop
4208,classic norwegian pop
4209,norske viser
4210,norwegian pop
4211,norwegian singer-songwriter
4212,candy pop
4213,norwegian pop
4214,norwegian singer-songwriter
4215,classic norwegian pop
4216,norwegian indie
4217,norwegian pop
4218,classic norwegian pop
4219,norwegian indie
4220,norwegian pop
4221,norwegian pop
4222,norwegian pop rap
4223,norwegian trap
4224,slovak pop
4225,flamenco urbano
4226,rap espanol
4227,trap latino
4228,urbano espanol
4229,swedish hip hop
4230,swedish pop
4231,barnmusik
4232,classic swedish pop
4233,swedish pop
4234,canadian pop
4235,dance pop
4236,classic swedish pop
4237,europop
4238,swedish pop
4239,classic swedish pop
4240,swedish pop
4241,swedish pop
4242,swedish pop
4243,classic swedish pop
4244,swedish pop
4245,classic swedish pop
4246,europop
4247,swedish pop
4248,classic swedish pop
4249,swedish pop
4250,latin
4251,latin arena pop
4252,latin pop
4253,mexican pop
4254,mambo chileno
4255,musica hondurena
4256,filmi
4257,tamil pop
4258,j-indie
4259,j-pop
4260,j-rock
4261,japanese alternative rock
4262,francoton
4263,pop urbaine
4264,dutch hip hop
4265,polish hip hop
4266,polish trap
4267,polish hip hop
4268,polish trap
4269,k-pop
4270,k-pop boy group
4271,russian drain
4272,russian hip hop
4273,russian trap
4274,kabyle
4275,rai
4276,rif
4277,turkish alt pop
